City Name,Average share of the built-up area of cities that is open space for public use for all (%) [a],Average share of urban population with convenient access to open public spaces (%) [b]
Chārīkār,17.9,82.1
Farāh,12.1,62.5
Herat,17.2,55.6
Jalālābād,15.7,59.0
Kabul,19.9,13.0
Kandahar,,45.9
Khān Ābād,11.3,75.2
Lashkargāh,13.6,70.5
Mazar-e Sharif,15.3,65.6
Pul-e Khumrī,9.6,56.1
Elbasan (Elbasani),12.4,37.9
Tiranë (Tirana),10.6,47.1
Annaba,14.8,49.6
Batna,20.2,42.0
Béjaïa,13.5,43.3
Blida,15.4,54.0
Chlef,18.2,62.7
El Djazaïr  (Algiers),14.9,41.2
El Djelfa,17.6,70.6
El Khroub,27.8,67.5
Khemis Miliana,12.7,74.5
Mila,13.7,81.6
Mostaganem (Mestghanem),17.9,64.5
M'Sila,19.6,65.3
Qacentina,17.0,33.6
Sétif,15.2,44.4
Tamanrasset (Tamenghasset),20.9,67.6
Tébessa,19.9,34.9
Tiaret (Tihert),13.6,32.1
Tolga,17.6,81.4
Wahran (Oran),20.7,56.5
Benguela,15.6,32.8
Cabinda,,21.1
Huambo,16.1,14.0
Luanda,19.3,17.3
Lubango,13.0,27.0
Luena,13.2,22.9
Malanje,9.9,9.5
Menongue,12.6,3.8
N'dalatando,10.2,29.4
Saurimo,14.1,16.9
Saint John's,13.4,45.0
Bahia Blanca,19.1,76.0
Buenos Aires,16.3,49.5
Catamarca (San Fernando del Valle de Catamarca),14.6,82.9
Clorinda,18.5,73.7
Comodoro Rivadavia,21.8,61.7
Concordia,13.5,67.5
Córdoba,16.0,72.0
Formosa,16.7,79.7
La Plata,18.6,55.3
Mendoza,19.5,74.8
Neuquén-Plottier-Cipolletti,23.9,91.1
Oberá,15.7,80.3
Paraná,17.9,48.7
Río Cuarto,21.4,77.1
Río Gallegos,25.7,84.4
Rosario,22.8,52.8
San Francisco,17.3,65.4
San Juan,17.5,59.1
San Martín ( La Colonia),17.2,64.1
San Miguel de Tucumán,19.6,43.6
San Pedro de Jujuy,27.4,92.5
San Salvador de Jujuy,20.9,80.7
Santa Fe,22.9,88.9
Santiago Del Estero,16.7,71.3
Villa Mercedes,19.3,86.1
Zárate,16.2,54.0
Yerevan,19.8,47.2
Adelaide,20.2,72.2
Alice Springs,23.3,92.4
Brisbane,19.5,80.5
Bunbury,23.6,96.8
Cairns,23.9,97.8
Canberra,21.9,90.2
Central Coast,17.9,76.2
Cessnock,20.5,54.0
Darwin,18.4,86.7
Geelong,20.9,88.9
Gold Coast-Tweed Head,28.4,94.3
Hobart,26.2,73.9
Kingaroy,15.1,75.1
Launceston,25.0,81.0
Melbourne,20.4,84.4
Muswellbrook,22.8,80.8
Newcastle-Maitland,20.7,73.4
Perth,25.9,85.6
Shepparton,25.5,92.3
Sunshine Coast,18.5,87.2
Sydney,13.5,33.4
Wollongong,19.2,80.6
,,71.1
Linz,14.4,82.5
Wien (Vienna),27.5,72.4
Baku,7.6,36.4
Ganja,15.1,18.9
Lankaran,18.4,64.2
Mingachevir,3.6,42.0
Naftalan,3.7,34.2
Shaki,15.4,33.3
Shirvan,13.1,25.6
Sumgayit,17.5,10.0
Yevlakh,20.3,36.4
Nassau,13.6,56.5
Capital Governorate,16.3,
Muharraq Governorate,19.1,
National,17.8,
Northern Governorate,15.9,
Southern Governorate,21.6,
Barisal,,59.6
Bogra,,79.8
Chittagong,15.1,64.8
Comilla,,25.6
Dhaka,,23.0
Dinajpur,,82.0
Jamalpur,,54.5
Jessore,15.1,62.8
Khulna,23.8,65.3
Mymensingh,14.3,29.6
Rajshahi,20.0,83.6
Saidpur,,75.3
Sylhet,26.8,71.3
Bridgetown,12.6,56.0
Brest,11.8,
Gomel,12.7,
Grodno,9.8,
Minsk,19.5,
Mogilev,12.1,
Vitebsk,11.0,
Antwerpen,22.1,64.4
Bruxelles-Brussel,22.2,85.8
Liège,13.6,63.9
Belize,19.3,66.3
Belmopan,16.7,53.4
Bohicon,12.1,36.6
Djougou,16.0,40.7
Kandi,13.7,70.4
Natitingou,12.0,65.6
Parakou,17.3,81.9
Thimphu,14.4,39.0
Cochabamba,17.8,63.6
La Paz,20.7,79.5
Oruro,16.8,70.9
Santa Cruz,17.9,77.3
Sucre,19.6,59.3
Tarija,16.9,79.8
Francistown,,74.3
Gaborone,16.6,66.5
Águas Lindas de Goiás,17.9,30.5
Anápolis,19.5,66.0
Angra dos Reis,12.7,63.8
Aparecida de Goiânia,22.2,52.8
Aracaju,25.0,76.4
Araxá,19.1,82.9
Barretos,22.4,95.5
Belém,14.9,29.3
Belo Horizonte,19.3,41.6
Blumenau,6.7,40.8
Brasília,21.5,47.2
Campinas,14.3,56.8
Campo Grande,,55.2
Criciúma,11.3,52.2
Cuiabá,18.9,47.9
Curitiba,16.9,62.5
Divinópolis,18.3,54.6
Feira De Santana,24.1,62.7
Florianópolis,21.1,76.2
Fortaleza,20.1,61.5
Grande São Luís,15.1,67.6
Guarapari,21.7,89.5
Ilhéus,16.3,76.9
Indaiatuba,20.5,70.0
Ituiutaba,22.2,84.5
Jacareí,24.3,77.5
Jaraguá do Sul,13.0,31.6
Jequié,19.6,94.7
Joinville,15.7,46.1
Limeira,23.9,74.3
Macapá,17.0,51.5
Manaus,15.1,31.5
Montes Claros,21.1,64.7
Mossoró,21.8,58.7
Natal,18.2,65.7
Palmas,27.4,93.5
Parauapebas,24.2,52.8
Passos,23.5,89.3
Pôrto Alegre,18.4,63.0
Pôrto Velho,13.8,22.6
Recife,19.4,69.5
Ribeirão  Preto,19.5,62.3
Rio de Janeiro,12.6,58.6
Salvador,13.5,44.8
Santa Cruz do Capibaribe,16.1,61.7
Santa Maria,18.3,70.5
Santana (Porto Santana),15.8,38.5
Santos,18.7,73.1
São Carlos,22.4,76.9
São José dos Campos,24.8,81.3
São Paulo,18.8,53.8
Tatuí,19.9,81.7
Teixeira de Freitas,26.3,81.3
Teresina,24.8,69.3
Umuarama,26.4,81.9
Várzea Grande,22.0,43.7
Vitória da Conquista,18.7,60.5
Bandar Seri Begawan (Brunei City),11.9,21.7
Burgas,22.5,85.0
Dobrič (Dobrich),18.4,84.1
Montana,16.0,73.4
Pleven,14.3,42.6
Plovdiv,15.4,65.2
Ruse (Rousse),20.1,91.2
Sofia,20.5,63.8
Varna,17.6,78.2
Houndé,13.6,36.0
Ouagadougou,13.0,44.9
Bujumbura,10.3,17.5
Praia,19.5,46.0
Phnum Pénh (Phnom Penh),14.8,13.7
Siĕm Réab (Siem Reap),13.8,27.4
Bamenda,,3.8
Bertoua,8.4,2.7
Douala,14.2,14.7
Ebolowa,7.2,12.8
Garoua,8.0,21.7
Kumba,10.3,9.8
Mbalmayo,,19.6
Ngaoundéré,15.0,4.0
Nkongsamba,10.2,11.1
"Barrie,ONT",17.2,89.4
Calgary,27.3,92.5
Cambridge - Waterloo_ONT,18.3,67.2
Edmonton,20.2,82.5
"Kelowna,BC",15.8,77.5
Montréal,20.0,91.8
"Regina,SASK",30.1,95.5
"Saint-Jean-sur-Richelieu,QUE",20.7,89.5
"St. John's,NL",16.0,66.5
Toronto,21.2,91.7
Victoria,21.9,93.6
Winnipeg,20.3,76.3
Bangui,10.9,24.7
,,38.2
N'Djaména,13.7,6.6
Antofagasta,12.0,72.4
Arica,9.9,83.9
Concepción,9.9,86.3
Copiapó,12.2,92.2
Curicó,11.1,91.6
Iquique,10.2,88.7
La Serena-Coquimbo,10.9,86.1
Los Ángeles,11.7,90.3
National,11.9,87.1
Osorno,16.2,96.4
Ovalle,12.8,96.0
Peñaflor,11.8,83.6
Punta Arenas,11.6,92.5
Rancagua,9.7,94.1
Santiago,14.0,90.2
Talca,13.1,95.8
Temuco,13.9,90.9
Valparaíso,7.5,62.5
Anqing,,48.8
Bengbu,,21.1
Changzhi,,28.7
"Changzhou, Jingsu",15.6,36.0
Chengdu,,33.6
"Chengguan, Guizhou",,24.0
Chongqing,18.8,32.9
Dalian,,27.6
Gaoyou,,67.0
"Guangzhou, Guangdong",,17.2
"Guixi, Chongqing",,65.8
Haikou,,20.6
Hangzhou,,20.5
"Hong Kong, Hong Kong",29.1,95.7
Jiangmen,,26.9
"Ji'nan, Shandong",,26.1
Leshan,,27.6
Lianyungang,,33.4
Mudanjiang,,37.8
Nanning,15.1,31.3
Qingdao,,28.5
Qujing,,30.2
Shanghai,,29.9
Shenzhen,17.8,21.9
"Suining, Sichuan",,16.9
"Tangshan, Hebei",,27.4
Tianjin,,34.1
Wuhan,,29.1
Xiamen,20.9,43.6
Xingping,,31.0
Xuchang,,11.3
"Yiyang, Hunan",,67.4
"Yulin, Guangxi",,55.5
Zhuji,,20.0
Zunyi,,25.4
Barranquilla,28.5,71.1
Bogotá,38.4,97.5
Bolivar_Turbaco,29.2,73.9
Bucaramanga,34.9,88.2
Cali,43.0,87.0
Cartagena,23.7,64.1
Cundinamarca_Soacha,35.6,89.4
Medellín,42.1,88.8
National,33.0,81.0
Moroni,,22.4
Brazzaville,10.9,17.2
Pointe-Noire,13.2,9.6
Cartago,16.5,50.6
Liberia,21.3,70.9
Limón (Puerto Limón),15.4,55.7
Puntarenas,5.3,76.3
San José,14.3,59.1
Abidjan,16.9,12.0
Agboville,15.9,28.0
Bouake,15.8,28.9
Daloa,9.2,4.8
Ferkessédougou,13.8,46.4
Man,10.8,16.4
San-Pédro,12.9,14.9
Yamoussoukro,14.3,26.8
Zagreb,19.9,56.6
Bayamo,15.8,64.8
Camaguey,14.4,55.4
Cienfuegos,15.1,40.1
Guantánamo,15.2,48.2
Holguín,13.7,43.4
La Habana (Havana),17.7,68.8
Las Tunas (Victoria de las Tunas),17.3,38.4
Santa Clara,15.0,58.4
Santiago de Cuba,14.2,53.7
Lefkosía (Nicosia),14.7,63.1
Brno,15.5,76.5
Ostrava,12.7,61.8
Praha (Prague),28.5,83.5
Chongjin,10.2,28.8
Chŏngju,9.4,48.5
Hamhung,13.9,20.3
Kanggye,,28.9
P'yongyang,,17.9
Rasŏn,14.6,48.0
Sinuiju,,12.8
Songrim,,21.5
Butembo,16.2,13.4
Kikwit,8.8,10.4
Kinshasa,18.0,17.3
Kisangani,,3.0
Kolwezi,11.2,11.7
Lubumbashi,17.7,6.8
Aalborg,20.3,93.3
Herning,20.6,91.2
Hjørring,15.1,73.1
Horsens,17.8,46.2
Hørsholm,17.1,91.5
København (Copenhagen),17.9,83.7
Kolding,23.5,54.9
Odense,18.6,91.5
Randers,21.1,62.3
Slagelse,15.1,69.3
Svendborg,27.0,98.7
Vejle,20.7,68.1
Djibouti,20.7,28.0
Roseau,15.4,55.5
Higüey (Salvaleón de Higüey),18.6,13.6
La Romana,14.7,27.2
La Vega (Concepción de la Vega),16.4,48.0
Puerto Plata (San Felipe de Puerto Plata),14.3,18.6
San Francisco de Macorís,19.2,24.2
Santiago,18.9,23.8
,,36.1
,,23.2
,,63.5
,,57.6
Ambato,15.7,71.9
Babahoyo,16.7,55.4
Chone,13.9,69.4
Cuenca,20.2,62.1
Daule,15.4,83.9
Durán (Eloy Alfaro),19.8,32.4
Esmeraldas,15.9,70.8
Guayaquil,15.7,41.4
Loja,13.6,58.0
Machala,19.8,44.2
Milagro,15.7,41.9
Quevedo,14.2,39.3
Quito,21.4,45.1
Riobamba,19.6,53.2
Santo Domingo,18.6,39.9
Tulcán,15.7,75.4
Abū Kabīr,12.3,42.7
Al-'Arīsh (El Arish),22.7,46.2
Al-Fayyum,17.3,21.3
Al-Ghardaqah (Hurghada),13.4,72.3
Al-Iskandariyah (Alexandria),15.1,36.4
Al-Manshāh,,47.3
Al-Mansurah,29.6,46.8
Al-Qahirah (Cairo),15.7,11.2
Asyut,6.7,34.9
Az-Zaqazig,13.4,39.0
Bur Sa'id,24.8,95.1
Damanhūr (Damanhour),24.7,46.6
Disūq (Desouk),29.3,26.9
Diyarb Najm,14.7,37.1
Dumyāṭ (Damietta),19.8,49.9
Fāqūs (Faqous),,33.5
Madīnat Sittah Uktūbar (6th October City),18.2,42.6
Apopa,15.4,33.9
San Miguel,17.6,44.0
San Salvador,17.3,44.8
Santa Ana,16.5,48.0
Usulután,14.8,49.0
Bata,,9.5
Malabo,13.6,36.9
Asmara,15.7,34.4
,,40.2
,,32.5
Tallinn,59.7,68.2
Tartu,74.9,80.2
Ezulwini,8.5,16.5
Mbabane,11.8,27.4
Addis Ababa,15.3,41.8
Awasa (Hawassa),20.8,62.4
Bahir Dar,11.6,89.9
Dese (Dessie),,3.3
Dire Dawa,18.2,38.7
Gondar,13.2,40.3
Harar,13.5,40.0
Jima (Jimma),11.5,23.4
Kobo,14.4,30.5
Nazret,15.9,64.1
Lautoka,15.2,16.1
Nadi,,29.2
Suva,16.2,28.3
Jyväskylä,17.3,91.6
Porvoo (Borgå),22.4,99.6
Rovaniemi,13.3,74.2
Turku (Åbo),20.6,94.0
Angers,14.3,81.5
Besançon,13.0,91.1
Dijon,15.1,93.5
Grenoble,23.2,75.5
Le Mans,19.1,81.2
Lille,17.7,67.0
Lyon,18.1,66.5
Marseille,16.0,46.5
Metz,20.3,39.0
Nantes,17.5,67.6
Nice-Cannes,18.9,60.6
Nîmes,19.0,34.4
Paris,16.1,51.6
Reims,17.0,89.8
Rennes,17.9,83.9
Saint-Étienne,17.7,75.0
Strasbourg,16.9,73.2
Toulon,13.4,60.0
Toulouse,16.0,47.2
Tours,14.9,78.9
Faaa/Punaauia/Papeete,16.3,46.2
Libreville,10.7,8.8
Banjul,21.6,29.8
Batumi,17.1,73.5
Tbilisi,18.5,73.9
Berlin,19.7,68.2
Fürth,16.9,65.1
Halle (Saale),20.0,76.4
Hamburg,18.6,78.2
Karlsruhe,15.9,89.5
Magdeburg,16.0,74.0
National,29.2,
National,29.5,
National,29.6,
Oldenburg (Oldenburg),15.1,72.8
Accra,16.0,12.0
Cape Coast,8.4,18.8
Kumasi,14.4,12.4
Sekondi Takoradi,9.5,8.2
Tamale,11.3,8.8
Athínai (Athens),30.5,92.9
Irákleion (Heraklion),18.9,83.9
Pátrai (Patras),14.0,86.5
Thessaloniki,16.2,65.7
St. George's,10.4,29.9
Chimaltenango,9.9,16.5
Ciudad de Guatemala (Guatemala City),20.2,31.9
Cobán,13.4,39.1
Escuintla,12.9,49.4
Huehuetenango,13.9,29.1
Mazatenango,13.7,58.3
Puerto Barrios,12.7,51.6
Quetzaltenango,15.5,30.1
San Juan Sacatepéquez,,43.9
Santa Lucía Cotzumalguapa,18.5,79.3
Conakry,18.1,2.9
Kankan,13.3,4.4
Nzérékoré,9.0,0.9
Bissau,12.4,45.1
Georgetown,15.3,38.7
Cap-Haïtien,11.7,33.0
Port-au-Prince,15.6,16.9
Saint-marc,13.1,20.8
Choloma,11.1,45.8
Comayagua,16.6,54.0
El Progreso,20.2,46.4
La Ceiba,20.8,45.2
San Pedro Sula,18.6,56.2
Tegucigalpa,16.3,33.3
Budapest,19.5,58.8
Sopron,22.6,76.7
Szeged,15.4,59.1
Reykjavík,27.9,94.0
Ādoni,15.2,21.8
Ahmadabad,17.8,29.4
Ahmadnagar,16.2,10.8
Aizawl,13.1,48.0
Akola,12.8,29.8
Alwar,21.1,34.6
Amravati,21.0,39.3
Amritsar,19.1,32.2
Amroha,,25.0
Anand,13.5,11.6
Anantapur,12.8,37.3
Anantnāg,,19.3
Baharampur,,27.9
Bangalore,19.1,34.6
Bareilly,12.4,22.3
Belgaum,13.0,39.7
Bhiwandi,12.2,29.7
Bhopal,21.7,30.4
Chandigarh,17.3,54.8
Chennai (Madras),23.4,36.0
Coimbatore,14.8,18.8
Delhi,24.3,43.6
Haldwani-cum-kathgodam,12.7,20.8
Hardoī,22.8,14.0
Hindupur,6.3,24.2
Hyderabad,21.5,52.3
Indore,16.1,51.2
Jabalpur,17.3,46.8
Jaipur,12.9,18.5
Jalna,14.9,20.1
Jodhpur,15.8,33.0
Kānchipuram (Kancheepuram),15.5,34.3
Kannur,11.1,11.0
Kanpur,16.0,19.2
Kochi (Cochin),,17.0
Kolkata (Calcutta),13.9,27.7
Kozhikode (Calicut),,7.1
Kurnool,21.7,51.0
Lakhīmpur,12.6,5.7
Ludhiana,15.1,26.2
Madurai,12.3,21.9
Malegaon,18.1,25.0
Meerut,11.3,42.3
Moradabad,22.9,32.9
Morena,16.2,39.8
Mumbai (Bombay),17.6,35.3
Nashik,19.8,38.7
Nellore,15.4,35.3
Pāli,,23.3
Parbhani,,10.2
Patna,20.4,36.8
Pune (Poona),16.4,30.8
Raipur,16.1,31.2
Rajkot,21.2,23.7
Rewa,10.1,17.2
Salem,16.0,12.1
Shahjahanpur,18.8,15.6
Singrauli,13.9,28.0
Sītāpur,,28.6
Srinagar,10.0,64.8
Surat,18.7,45.0
Thoothukkudi (Tuticorin),12.5,24.2
Tumkur,20.5,60.4
Vijayawada,25.0,45.7
Banda Aceh,16.1,23.9
Bandar Lampung,17.9,13.8
Bandung,12.8,26.1
Banjarmasin,16.6,45.1
Bengkulu,15.0,30.2
Bitung,14.5,2.5
Cirebon,10.3,17.9
Garut Kota,11.0,22.2
Jakarta,18.7,24.2
Jambi,13.8,7.1
Jombang,,7.1
Kendari,13.5,23.1
Makassar (Ujung Pandang),12.4,31.5
Manado,14.9,38.1
Medan,16.6,29.6
Palembang,15.6,17.3
Palu,15.3,24.0
Parepare,17.8,50.2
Pati,11.7,23.4
Pekalongan,12.1,41.3
Pekan Baru,10.4,20.0
Pemalang,18.1,23.3
Pematangsiantar,16.8,39.8
Purwakarta,11.5,44.4
Samarinda,12.7,32.0
Semarang,12.7,39.4
Subang,13.7,27.8
Surabaya,15.1,21.2
Surakarta,14.1,24.8
Ābādān,16.6,59.8
Ahvaz,14.2,52.3
Āmol,13.0,34.6
Arak,22.3,67.7
Ardabil,22.9,79.4
Bābol,14.1,28.4
Bandar Abbas,18.6,59.5
Bojnūrd,16.4,45.2
Dehdasht,16.9,64.8
Eṣfahān (Isfahan),18.8,50.8
Gorgan,21.7,49.2
Karaj,14.0,50.6
Kashan,20.2,51.4
Kāshmar,19.5,73.3
Kerman,20.3,61.9
Kermanshah,27.5,69.0
Khorramabad,19.8,68.4
Mashhad,19.6,54.7
Nīshābūr (Nishapur/Neyshabur),16.8,64.7
Pīrānshahr,14.8,52.5
Qā'em Shahr,17.0,37.7
Qazvin,19.6,86.8
Qom,17.4,47.5
Salmās,20.9,51.9
Sanandaj,20.0,54.8
Sari,14.1,31.2
Shādegān,15.1,53.9
Shāhīn Shahr,20.6,83.9
Shiraz,13.8,54.7
Shīrvān,21.2,76.1
Tabriz,22.9,56.3
Tehran,23.4,73.9
Varāmīn,12.9,64.3
Al-Basrah (Basra),13.2,34.3
Amara,15.3,29.9
Ash-Shaṭrah,12.4,47.8
Az-Zubayr (Zubayr),13.6,38.8
Baaqoobah,17.3,45.9
Baghdad,18.4,20.3
Diwaniyah,12.6,31.6
Faloojah,19.6,15.2
Irbil (Erbil),31.1,63.4
Karbala,21.2,37.4
Kirkuk,21.4,51.2
Najaf,20.1,62.6
Ramadi,21.8,62.0
Zākhū (Zaxo),16.8,48.5
Dublin,23.0,84.2
Ashdod,17.2,81.3
Ashqelon (Ashkelon),16.4,57.4
BAT YAM,16.4,52.5
Be'er Sheva,18.1,56.4
BENE BERAQ,15.5,6.1
Bet Shemesh (Beit Shemesh),18.1,51.7
Gan Yavne,17.9,59.1
Hadera,14.4,11.0
Hefa (Haifa),15.3,46.7
HERZLIYYA,16.7,25.7
HOLON,14.4,28.3
Jerusalem,17.9,45.5
KEFAR SAVA,16.7,44.9
National,15.7,40.8
Netanya,17.2,46.9
Petah Tiqwa (Petah Tikva),12.4,30.2
RAMAT GAN,17.9,59.1
Rehovot,14.3,52.1
Rishon LeZiyyon (Rishon LeZion),17.3,54.5
Tel Aviv-Yafo (Tel Aviv-Jaffa),22.8,65.7
Bologna,20.9,94.5
Genova (Genoa),14.0,81.0
Marsala,18.6,68.9
Milano (Milan),23.6,76.2
Modena,20.4,97.0
Napoli (Naples),11.9,48.4
Palermo,16.2,42.2
Parma,21.7,98.5
Roma (Rome),21.8,80.0
Kingston,17.1,24.0
Portmore,19.4,23.8
Akita,13.7,92.1
Aomori,15.6,67.9
Asahikawa,14.9,87.6
Fukuyama,16.1,52.0
Iwaki,14.3,56.3
Kanazawa,16.7,77.0
Kitakyushu-Fukuoka M.M.A.,17.7,70.1
Koriyama,17.0,76.7
Matsue,15.3,79.4
Matsumoto,16.2,36.6
Mishima,13.7,69.1
Morioka,12.6,74.3
Niigata,14.0,80.9
Okayama,17.6,64.0
Okinawa,17.0,84.3
Osaka,18.4,72.2
Sapporo,19.1,92.9
Sasebo,11.4,64.4
Shizuoka,20.6,74.9
Tokushima,13.3,53.7
Tokyo,23.1,74.8
Tomakomai,19.7,83.8
Toyama,14.6,55.2
Toyohashi,19.2,67.7
Yamagata,11.2,61.9
Yamaguchi,14.7,35.9
Al-Karak (Kerak),3.2,8.3
Ammān (Amman),13.0,19.3
Irbid,19.6,15.0
Almaty,18.7,62.5
Aqtaý (Aktau),20.3,42.1
Aqtóbe (Aktobe),12.8,44.8
Astana,18.0,26.2
"Balqash (Balchaš, Balkhash)",13.3,44.8
Karaganda,18.2,35.4
Oral (Ural'sk),15.8,33.3
Pavlodar,15.7,38.9
Qaskeleń (Kaskelen),12.3,20.3
Qulsary (Kulsary),13.3,36.4
Rýdnyj (Rudniy),17.7,29.1
Semeı (Semey),12.2,19.8
Shimkent,12.9,14.5
"Taldyqorǵan (Taldy-Kurgan, Taldykorgan)",13.8,22.0
Taraz,12.5,24.3
Temirtaý,14.7,53.2
Túrkistan (Turkestan),20.7,32.2
Ust-Kamenogorsk,15.1,29.5
Eldoret,19.9,10.8
Kisumu,12.1,11.2
Meru,13.3,8.7
Mombasa,11.7,19.4
Nairobi,15.4,17.9
Nakuru,11.7,14.9
Nyeri,16.7,21.6
Al-Kuwayt (Kuwait City),16.1,49.4
Balykčy (Balykchy),14.0,74.7
Bishkek,17.2,59.5
Kara-Balta,15.1,36.3
Kara-Kôl (Kara-Kul),14.3,49.6
Kyzyl-Kyja (Kyzyl-Kiya),14.2,62.0
Naryn,18.5,89.1
Oš (Osh),16.1,46.3
Ôzgôn (Uzgen),12.6,96.1
Talas,18.3,71.2
Tokmok,18.2,66.7
Žalal-Abat (Jalal-Abad),13.1,48.6
Viengchan,9.4,20.2
Vientiane,14.3,19.5
,,57.6
Riga,20.2,64.6
Ba'albak (Baalbek),16.2,45.1
Bayrut (Beirut),18.2,20.7
Ṣaydā (Sidon),16.4,61.2
Ṣūr (Tyre),18.7,45.9
Ṭarābulus (Tripoli),17.4,72.8
Zaḥlah (Zahlé),12.8,36.6
Maseru,12.9,50.9
Monrovia,10.2,12.1
Misratah,10.5,23.3
Tarabulus (Tripoli),13.5,22.3
Vaduz,13.2,68.4
Kaunas,17.8,53.6
Vilnius,14.1,51.4
Luxembourg (Lëtzebuerg),18.6,93.3
Amparafaravola,7.2,57.5
Antananarivo,8.8,20.5
Antsirabe,12.2,30.1
Antsiranana (Diégo-Suarez),13.4,30.2
Fianarantsoa,9.6,57.0
Mahajanga (Majunga),13.1,18.1
Marovoay,11.5,46.1
"Taolanaro (Tola'aro, Tôlanaro, Fort-Dauphin)",,68.6
Toamasina,15.2,31.9
Toliara (Tuléar),13.4,38.9
Blantyre-Limbe,,22.6
Lilongwe,12.8,8.6
Mzuzu,11.7,23.3
Zomba,8.9,43.7
Alor Star,15.7,32.6
Bukit Mertajam,16.9,53.4
George Town (Pinang),19.2,69.7
Ipoh,20.0,51.1
Johor Bahru,16.5,40.4
Kota Bharu,11.0,26.2
Kuala Lumpur,19.8,46.1
Kuching,22.2,46.8
Kulim,21.4,38.1
Rawang,15.5,22.4
Taiping,18.5,53.0
Male',19.6,97.7
Bamako,16.0,76.7
Bougouni,10.4,5.8
Gao,14.0,33.5
Kayes,19.7,85.3
Kita,11.5,28.0
Koutiala,12.5,11.4
Ségou,12.3,13.6
Sikasso,11.3,5.1
Valletta,14.6,90.6
Nouakchott,14.4,22.4
Port-Louis,11.7,28.9
Acapulco de Juárez,,56.5
Aguascalientes,7.0,
Aguascalientes,,52.1
Baja California,3.9,
Baja California Sur,3.5,
Campeche,8.3,
Campeche_Campeche,,81.2
Celaya,,56.6
Chiapas,4.2,
Chiapas_Comitán De Domínguez,,71.4
Chihuahua,6.1,
Chihuahua_Guerrero,8.3,
Ciudad de México (Mexico City),10.8,
Ciudad de México (Mexico City),,46.3
Ciudad Juárez (Juárez),,54.8
Coahuila de Zaragoza,5.2,
Coatzacoalcos,,64.3
Colima,15.3,
Cuernavaca,,37.5
Culiacán,,72.5
Durango,4.7,
Ensenada,,42.9
Guadalajara,,50.5
Guanajuato,4.7,
Guanajuato_Guanajuato,,45.7
Guanajuato_San Francisco Del Rincón,,43.2
Guerrero,8.3,
Hermosillo,,62.4
Hidalgo,8.1,
Irapuato,,85.0
Jalisco,9.1,
León de los Aldamas,,56.2
Mérida,,66.5
Mexicali,,51.9
México_Morelos,7.0,
México_Toluca,,48.7
Michoacan de Ocampo,8.8,
Michoacán De Ocampo_Apatzingán,,53.8
Michoacán De Ocampo_Uruapan,,50.5
Monterrey,,72.6
Morelia,,55.4
Morelos,7.0,
National,6.3,
Nayarit,7.7,
Nuevo Leon,7.1,
Oaxaca,3.9,
Puebla,4.9,
Puebla,,33.2
Puerto Vallarta,,46.5
Querétaro,5.0,
Querétaro_San Juan Del Río,,71.8
Quintana Roo,6.9,
Reynosa,,27.8
Saltillo,,52.0
San Luis Potosí,3.9,
Sinaloa,6.1,
Sonora,4.1,
Sonora_San Luis Río Colorado,,26.7
Tabasco,8.6,
Tabasco_Cárdenas,,36.4
Tabasco_Comalcalco,,87.8
Tabasco_Paraíso,,45.8
Tamaulipas,5.1,
Tamaulipas_Río Bravo,,81.9
Tampico,,57.0
Tehuacán,,64.3
Tepic,,55.4
Tijuana,,51.9
Tlaxcala,6.1,
Veracruz,,52.5
Veracruz de Ignacio de la Llave,6.8,
Veracruz De Ignacio De La Llave_Jáltipan,,27.1
Veracruz De Ignacio De La Llave_Las Choapas,,48.0
Veracruz De Ignacio De La Llave_Minatitlán,,37.1
Villahermosa,,89.6
Xalapa,,60.3
Yucatan,6.6,
Yucatán_Quintana Roo,6.9,
Zacatecas,4.5,
Zacatecas_Tabasco,8.6,
Zacatecas_Zacatecas,4.5,
Monaco-Ville,29.3,99.6
Ulaanbaatar,14.1,15.1
Podgorica (Titograd),17.2,54.5
Agadir,12.0,31.2
Béni Mellal,9.0,90.2
Chefchaouen,6.4,47.5
Chichaoua,14.1,36.6
Dakhla,9.3,86.0
Dar-el-Beida (Casablanca),11.8,37.9
El Mansouria,11.2,5.1
Errachidia,22.2,70.4
Fès,17.2,39.7
Guelmim,14.3,34.8
Kénitra,16.5,48.1
Khouribga,16.4,94.1
Marrakech,23.3,30.8
Meknès,16.1,43.4
Oujda,20.5,40.2
Rabat,15.8,34.8
Saidia,26.5,29.0
Tanger,7.0,42.8
Tiznit,11.8,30.0
Alto Molócuè,,23.7
Beira,,28.0
Gurué,,9.4
Manhiça,11.3,10.1
Maputo,17.2,15.3
Maxixe,15.7,25.5
Mocuba,18.5,10.8
Nacala Porto,,13.8
Nampula,14.2,9.3
Pemba,14.4,49.9
Aunglan,,45.4
"Kale (Kalemyo, Kalay)",,7.9
Lashio,15.0,13.6
Loikaw,13.1,28.6
Mandalay,12.2,12.7
Mawlamyine (Moulmein),11.7,37.2
Myeik (Mergui),13.6,30.7
Myitkyina,15.5,22.7
Nay Pyi Taw,21.8,42.5
Pathein,17.2,16.8
Tachileik,13.5,24.1
Taunggyi,15.2,29.9
Yangon,17.0,16.2
Windhoek,16.6,25.7
Bharatpur,12.9,21.4
Biratnagar,13.4,23.2
Birendranagar,13.1,29.7
Birgunj,11.9,16.7
Butwal,19.8,11.9
Damak,15.1,11.0
Dharan,14.7,33.5
Itahari,14.9,33.2
Janakpur (Janakpurdham),13.6,23.9
Kathmandu,13.5,45.1
Pokhara,22.6,74.5
Amsterdam,21.9,77.6
Eindhoven,16.5,82.7
Gouda,19.5,90.7
Rotterdam,20.6,84.7
s-Gravenhage (The Hague),25.0,89.2
Zwolle,22.4,91.9
Auckland,20.7,88.4
Christchurch,26.4,83.4
Dunedin,19.0,76.8
Hamilton,18.6,86.4
Lower Hutt,17.9,78.1
Napier,27.9,90.3
Palmerston,18.5,87.1
Tauranga,24.1,83.9
Upper Hutt,,71.1
Wellington,21.0,82.5
Chinandega,12.0,34.2
Ciudad Sandino,17.1,23.0
Estelí,15.7,26.2
Granada,16.4,68.6
León,15.8,52.2
Managua,13.4,46.8
Masaya,12.3,69.5
Tipitapa,16.3,48.5
Agadez,17.6,45.8
Dosso,16.5,33.0
Maradi,20.7,32.0
Niamey,15.4,26.1
Zinder,19.3,13.8
Aba,11.2,2.9
Abeokuta,9.0,10.4
Abuja,16.4,3.9
Ado-Ekiti,8.5,4.3
Akure,11.5,4.9
Benin City,11.3,2.3
Enugu,11.3,12.6
Gombe,12.6,20.6
Ibadan,13.8,8.9
Ijebu-Ode,7.5,1.2
Jos,9.2,8.1
Kaduna,11.4,8.0
Kano,12.5,8.1
Lagos,14.3,6.9
Oyo,16.8,13.5
Port Harcourt,11.1,7.3
Skopje,13.7,43.0
,,65.8
Garapan (Fananganan),18.4,35.6
Ålesund,27.8,64.0
Ålesund,,64.0
Bergen,,58.0
Bergen,32.2,58.0
Drammen,,52.0
Drammen,24.8,54.0
Fredrikstad/Sarpsborg,,53.0
Fredrikstad/Sarpsborg,26.1,55.0
Kristiansand,,57.0
Kristiansand,34.7,70.0
National,30.0,58.0
Oslo,,56.0
Oslo,32.4,56.0
Porsgrunn/Skien,27.2,57.0
Porsgrunn/Skien,,57.0
Sandnes,27.2,59.0
Stavanger,,55.0
Stavanger,27.2,59.0
Tønsberg,25.7,44.0
Tønsberg,,46.0
Trondheim,30.0,66.0
Trondheim,,71.0
,,30.5
Al-Buraymī,15.0,13.2
Masqat (Muscat),21.7,13.2
Salahah (Salalah),19.1,20.3
Ṣuḥār (Sohar),10.6,18.2
Abbottābad,12.8,20.0
Attock,8.0,12.0
Bahāwalnagar,,15.8
Bhakkar,12.0,17.6
Būrewāla,14.8,23.1
Chishtiān,12.2,23.2
Daska,11.9,16.4
Faisalabad,13.6,34.1
Gujranwala,15.1,18.3
Hāfizābād,9.2,19.7
Hyderabad,14.4,42.2
Islamabad,20.3,31.3
Jhang,5.0,23.7
Karachi,15.1,45.4
Khānpur,14.2,15.9
Kohāt,8.4,10.3
Lahore,15.6,47.3
Larkana,12.6,23.5
Layyah,14.7,37.1
Mardan,10.9,23.7
Mingawara (Mingora),9.1,34.3
Multan,13.5,25.7
Nawābshāh,13.6,23.8
Peshawar,,11.5
Quetta,9.8,12.8
Sādiqābād,12.0,29.9
Sargodha,13.6,28.5
Sheikhupura,15.5,31.9
Shikārpur,,27.8
Sialkot,12.2,14.8
Turbat,9.0,34.2
Arraiján,10.0,26.3
Ciudad de Panamá (Panama City),13.1,44.3
La Chorrera,9.6,29.3
Lae,15.1,13.5
Port Moresby,17.1,40.8
Asunción,13.3,32.6
Ciudad del Este,14.3,34.9
Arequipa,18.7,80.1
Ayacucho,20.2,74.4
Cajamarca,20.2,44.6
Chiclayo,25.5,73.4
Chimbote,14.2,72.5
Cusco,20.9,58.9
Huacho,15.3,53.8
Huancayo,14.6,30.4
Huaral,14.7,61.4
Ica,16.1,91.8
Iquitos,14.1,49.6
Jaén,12.5,41.5
Juliaca,22.5,39.2
Lima,19.7,80.7
Moquegua,14.0,91.4
Piura,19.0,50.3
Pucallpa,19.9,43.1
Sullana,17.6,81.6
Tacna,14.8,90.8
Tarapoto,16.0,64.0
Trujillo,14.9,53.5
Bacolod,20.4,31.2
Baguio City,10.7,29.9
Cagayan de Oro City,15.6,13.9
Cebu City,19.7,40.2
Davao City,14.7,34.3
Iligan,11.6,29.0
Manila,11.1,28.7
Ozamis,12.4,41.8
Tacloban,12.8,38.6
Białystok,28.1,66.1
Bydgoszcz,43.3,73.6
Gdańsk,27.3,61.6
Gorzów Wielkopolski,16.6,58.8
Katowice,53.1,86.4
Kielce,34.2,59.8
Kraków (Cracow),27.5,78.0
Łódź,24.1,72.3
Łomża,8.4,77.8
Lublin,21.3,72.5
Mielec,22.7,62.3
National,37.9,67.7
Olsztyn,32.3,72.6
Opole,11.2,58.9
Poznań,26.2,69.2
Rzeszów,10.4,55.0
Szczecin,28.5,74.0
Toruń,36.2,64.3
Warszawa (Warsaw),30.8,88.0
Wrocław,19.5,75.0
Zielona Góra,58.2,74.8
Lisboa (Lisbon),21.7,87.4
Porto,18.0,57.4
San Juan,14.0,40.0
Ad-Dawhah (Doha),21.8,
Aḍ-Ḍ'āyan (Al Daayen),11.8,
Adh-Dhakhīrah (Al Thakhira),26.6,
Al Kheesa,16.8,
Al Shamal,24.4,
Al-Khawr (Al Khor),31.3,
Al-Wakrah,24.3,
Al-Wukaīr (Al Wukair),16.9,
Ar-Rayyan,25.7,
Ash-Shaḥāniyah (Al Shahaniya),5.2,
Dukhan,34.5,
Lusail,12.5,
Madīnat ash-Shamāl (Ar-Ruways),24.4,
"Musaī'īd (Umm Sa'īd, Mesaieed)",14.9,
Umm Ṣalāl Muḥammad (Al-Kahrīṭiyāt),22.7,
Umm Slal,16.5,
Busan,14.8,48.7
Cheonan,14.6,31.2
Daegu,23.1,69.5
Daejon,22.8,58.4
Gwangju,19.0,65.4
Jeju,12.6,50.2
Jinju,20.8,38.4
Seoul,15.7,48.8
Bălți (Bel'cy),12.8,33.1
Chişinău,20.0,47.4
Tiraspol (Tiraspol'),14.8,60.9
ARad,14.8,51.5
Bacău,10.1,33.1
Baia Mare,14.2,67.7
Botoșani,13.5,67.6
Brăila,15.4,50.2
Bucuresti (Bucharest),20.8,54.1
Câmpia Turzii,13.6,50.2
Cluj-Napoca,15.8,80.5
Constanța,11.6,64.4
Craiova,16.6,60.6
Mangalia,14.8,66.8
Năvodari,24.2,19.6
Oradea,14.3,73.7
Ploiești,11.4,71.3
Reghin,14.2,48.8
Târgu Jiu,12.8,36.3
Abakan,15.8,42.2
Ačinsk (Achinsk),13.6,33.9
Al'metjevsk (Almetyevsk),14.6,65.5
Angarsk,15.9,44.8
Arkhangelsk,19.2,50.8
Armavir,15.8,44.6
Arzamas,15.1,33.8
Astrakhan,14.6,37.1
Balakovo,16.8,62.5
Barnaul,15.4,44.1
Batajsk (Bataysk),15.6,24.5
Belgorod,12.8,55.8
Berdsk,13.7,58.7
Berezniki,22.7,73.7
Bijsk (Biysk),14.9,57.4
Blagoveščensk (Blagoveshchensk),16.8,45.5
Dzeržinsk (Dzerzhinsk),17.1,60.8
Kazan,18.8,50.9
Kurgan,11.6,37.9
Moskva (Moscow),24.6,83.3
Perm,13.5,37.6
Samara,16.2,46.3
Sankt Peterburg (Saint Petersburg),22.4,40.9
Tolyatti,12.4,38.8
Tula,14.3,46.9
Tyumen,23.3,64.2
Ufa,17.5,41.5
Volgograd,16.1,43.7
Cyangugu (Shangugu),10.1,4.8
Gisenyi,15.9,12.2
Gitarama (Muhanga),11.2,21.8
Huye,10.3,6.4
Kayonza,11.6,21.6
Kigali,12.8,48.9
Nyanza (Nyabisindu),9.3,35.3
Ruhengeri,10.7,9.5
Basseterre,16.9,44.9
Castries,10.5,26.7
Kingstown,11.9,14.8
Apia,9.6,17.2
San Marino,10.2,60.1
São Tomé,,47.4
Abhā,20.5,18.3
Ad-Dammam,23.2,44.9
Al-Khafjī,18.8,14.3
Al-Kharj (As-Saīḥ),,9.9
Al-Madinah (Medina),17.6,17.6
Al-Qurayyāt,17.0,34.0
'Ar'ar,14.4,20.7
Ar-Rass,20.8,47.6
Ar-Riyadh (Riyadh),23.1,67.0
Ha'il,17.7,22.2
Hufuf-Mubarraz,16.1,30.1
Jiddah,17.2,24.1
Jubayl,14.8,24.1
Makkah (Mecca),13.3,22.4
Rafḥā',23.4,53.8
Tabuk,19.9,13.4
Taif,14.9,23.6
Dakar,16.1,92.5
Diourbel,22.0,32.0
Kaolack,15.0,44.1
Louga,16.1,45.8
Mbour (M'Bour),20.4,66.9
Saint-Louis,,61.0
Thies,14.8,55.7
Touba,13.3,43.6
Ziguinchor,12.5,44.4
Beograd (Belgrade),11.8,63.8
Borča,18.5,36.8
Kragujevac,18.1,45.0
Niš,15.4,57.2
Novi Pazar,16.2,73.2
Novi Sad,14.9,50.3
Požarevac,11.7,37.6
Zrenjanin,16.2,48.3
Victoria,11.3,25.4
Bo,13.0,28.0
Freetown,9.0,12.3
Kenema,9.9,14.0
Singapore,19.1,70.3
Bratislava,26.1,73.9
Ljubljana,20.7,55.2
Honiara,,19.0
Berbera,13.0,39.9
Hargeysa,17.8,20.1
Merca,13.7,57.2
Muqdisho (Mogadishu),19.0,3.4
Cape Town,22.2,62.2
Durban (Ethekwini),15.7,23.0
East London (Buffalo City),14.1,36.0
Gqeberha,16.3,40.3
Johannesburg,14.8,15.4
Pietermaritzburg (The Msunduzi),12.6,14.5
Soshanguve,12.4,16.0
Uitenhage (Kwanobuhle - Despatch),14.6,38.5
Juba,14.9,3.5
Alcalá de Henares,18.2,88.4
Alicante,14.1,86.3
Bilbao,21.7,93.0
Madrid,22.6,63.1
Sevilla,22.6,91.6
Torrelavega,21.5,93.3
Zaragoza,28.2,93.4
Anuradhapura,19.2,51.4
Badulla,9.2,58.2
Batticaloa,12.5,55.7
Chilaw,,57.6
Colombo,11.6,15.2
Embilipitiya,,34.7
Galle,9.4,38.4
Hambantota,9.6,47.6
Haputale,12.4,33.9
Jaffna,,17.2
Kandy,12.1,39.9
Matara,10.0,37.3
Puttalam,12.0,60.1
Ratnapura,15.3,55.7
Ad-Doha,14.0,18.0
Al-Bīrah (Al-Bireh),18.9,16.7
Ar Ram,10.9,9.5
BeitJala,18.6,52.1
BeitSahour,15.9,53.6
Beituniya,15.8,17.3
Bethlehem (Beit Lahm),11.8,45.1
Hebron (Al-Khalīl),7.7,8.0
Janīn (Jenin),15.4,18.4
Jericho (Ariha),14.3,29.8
Nābulus (Nablus),13.8,36.6
Qalqīlyah (Qalqiliya),23.1,0.0
Ramallah,17.5,38.9
Salfit,16.6,25.1
Ṭūbās,10.0,45.4
Ṭūlkarm (Tulkarem),13.7,24.9
,,21.2
Al Gadarif,19.2,67.2
Al Obeid (Al Ubayyid),19.9,31.1
Al-Fāshir (El Fasher),24.0,40.4
Al-Khartum (Khartoum),15.3,14.8
Aṭbarah (Atbara),16.3,32.1
Kassala,20.2,30.7
Port Sudan (Bur Sudan),19.7,44.2
Sannār (Sennar),19.0,32.8
Sinjah (Singa),18.8,61.2
Wad Medani,17.0,47.9
Paramaribo,12.4,11.6
Halmstad,23.9,75.4
Malmö,21.8,92.8
Stockholm,21.6,86.0
Basel,16.2,81.8
Bern,25.8,77.1
Emmen,21.3,87.8
Fribourg,23.4,80.3
Lausanne,19.9,76.9
Neuchâtel,20.3,70.1
St. Gallen,17.3,82.9
Wetzikon,15.4,85.4
Winterthur,24.7,81.9
Zürich (Zurich),22.0,67.6
Al-Hasakah,12.9,38.6
Dimashq (Damascus),12.6,45.4
Halab (Aleppo),15.6,65.3
Hamah,16.1,76.3
Hims (Homs),18.6,59.9
Lattakia,17.6,68.5
Būston (Čkalovsk / Chkalovsk),12.7,86.8
Dushanbe,11.6,38.7
Isfara,11.7,54.8
Istaravšan (Istarawshan),,40.4
Khorog (Choruġ),13.9,83.4
Khujand (Chuçand),15.8,56.5
Konibodom,16.5,51.4
Kūlob,,42.7
Norak (Nurak),,51.6
Pançakent (Panjakent),,41.0
Tursunzoda,,30.5
Vah̦dat,8.8,38.9
Cha-Am,16.1,48.0
Chiang Mai,19.0,37.0
Chiang Rai,11.8,22.3
Chumphon,13.3,16.4
Khon-Kaen,15.7,22.2
Krung Thep (Bangkok),14.9,11.8
Phatthalung,11.9,30.0
Songkhla,12.7,24.0
Dili,12.1,30.3
Kara (Lama-Kara),10.1,15.3
Lomé,16.8,23.0
Sokodé,14.1,24.0
Port of Spain,11.3,12.9
Al-Kāf (Le Kef),24.5,36.9
Al-Kāf (Le Kef),18.5,43.3
Al-Mahdiyah (Mahdia),13.2,42.9
Al-Mahdiyah (Mahdia),17.5,44.9
Al-Munastīr (Monastir),15.1,50.9
Al-Munastīr (Monastir),21.0,67.2
Al-Qaṣrayn (Kasserine),17.9,34.7
Al-Qaṣrayn (Kasserine),17.7,38.6
Al-Qayrawān (Kairouan),31.1,20.8
Al-Qayrawān (Kairouan),26.6,20.9
Banzart (Bizerte),13.8,42.9
Banzart (Bizerte),15.1,46.8
Douz Nord,21.3,15.9
Douz Nord,47.1,16.6
Douz Sud,16.5,42.7
Douz Sud,14.1,45.9
Jarbah Ḥawmat as-Sūq (Djerba Houmt Souk),14.2,18.6
Jarbah Ḥawmat as-Sūq (Djerba Houmt Souk),18.3,22.7
Jundūbah (Jendouba),16.5,34.5
Jundūbah (Jendouba),16.1,39.2
Madanīn (Médenine),27.4,10.7
Madanīn (Médenine),22.0,12.0
Majāz al-Bāb (Medjez El Bab),19.3,27.4
Majāz al-Bāb (Medjez El Bab),13.9,27.8
Masākin (M'saken),18.5,18.9
Masākin (M'saken),19.7,19.2
Nābul (Nabeul),16.4,20.2
Nābul (Nabeul),21.0,26.2
Qābis (Gabès),18.5,19.4
Qābis (Gabès),21.3,21.9
Qafṣah (Gafsa),21.0,9.5
Qafṣah (Gafsa),20.3,10.2
Safaqis,17.3,16.2
Safaqis,18.2,16.6
Sayada-Ksar Helal_Moknine,15.4,5.9
Sayada-Ksar Helal_Moknine,14.8,6.0
Sīdī Bū Zayd (Sidi Bouzid),23.7,43.8
Sīdī Bū Zayd (Sidi Bouzid),18.7,46.9
Silyānah (Siliana),19.1,69.5
Silyānah (Siliana),16.6,79.5
Tawzar (Tozeur),21.3,42.5
Tawzar (Tozeur),16.2,44.4
Tunis,23.1,30.7
Tunis,25.4,31.6
Zaghwān (Zaghouan),13.5,7.6
Zaghwān (Zaghouan),11.9,10.7
Adana,14.4,
Adana,,66.7
Adapazarı,,41.8
Adıyaman,11.4,
Adıyaman,,84.0
Afyonkarahisar (Afyon),12.6,
Afyonkarahisar (Afyon),,66.8
Ağrı,9.6,
Ağrı,,70.6
Aksaray,17.2,
Aksaray,,90.7
Alanya,,42.8
Amasya,10.3,
Ankara,13.2,
Ankara,,76.8
Antakya (Hatay),11.9,
Antalya,12.6,
Antalya,,69.8
Ardahan,7.9,
Artvin,8.0,
Aydın,11.7,
Balikesir,13.3,
Balikesir,,90.3
Bartın,7.5,
Batman,13.9,
Bayburt,7.9,
Bilecik,10.4,
Bingöl,6.2,
Bitlis,7.7,
Bolu,15.1,
Burdur,9.0,
Bursa,15.8,
Bursa,,70.7
Çanakkale,12.9,
Çankırı,8.8,
Çarşamba,,77.3
Çerkezköy,,69.2
Ceyhan,,44.5
Çorum,11.6,
Çorum,,80.3
Denizli,13.1,
Denizli,,76.7
Diyarbakir,12.9,
Diyarbakir,,82.3
Düzce,14.0,
Edirne,16.1,
Elazig,11.1,
Elbistan,,60.6
Erzincan,8.6,
Erzurum,6.9,
Eskisehir,14.5,
Espiye,,56.3
Gaziantep,14.3,
Gaziantep,,83.1
Giresun,17.5,
Giresun,,59.7
Gümüşhane,6.3,
Hakkâri,7.1,
Iğdır,7.0,
Isparta,10.2,
Isparta,,85.4
Istanbul,20.6,
Istanbul,,59.8
Izmir,16.0,
Izmir,,73.7
Kahramanmaras,12.1,
Karabük,12.2,
Karaman,14.9,
Kars,10.3,
Kastamonu,13.9,
Kayseri,13.0,
Kayseri,,66.7
Kilis,13.2,
Kırıkkale,11.3,
Kırklareli,14.4,
Kırşehir,12.6,
Kocaeli,15.6,
Konya,14.5,
Konya,,65.3
Kütahya,9.2,
Malatya,11.7,
Malatya,,58.8
Manisa,12.1,
Mardin,11.5,
Mersin,12.7,
Mersin,,70.0
Muğla,9.8,
Muş,7.4,
National,13.4,
Nevşehir,13.6,
Niğde,13.3,
Niğde,,71.5
Ordu,17.7,
Ordu,,89.4
Osmaniye,14.4,
Rize,17.3,
Rize,,58.9
Sakarya,15.4,
Samsun,14.0,
Samsun,,71.2
Sanliurfa,14.2,
Sanliurfa,,83.8
Siirt,11.2,
Sinop,13.9,
Şırnak,12.6,
Sivas,9.2,
Sivas,,72.0
Tarsus,,70.3
Tekirdağ,14.8,
Terme,,73.7
Tokat,10.0,
Trabzon,20.0,
Tunceli,6.3,
Uşak,12.1,
Uzunköprü,,67.2
Van,9.8,
Viranşehir,,84.1
Yalova,12.9,
Yozgat,12.6,
Zonguldak,7.8,
Ashgabat,15.8,48.8
Balkanabat,17.1,70.6
Baýramaly (Bajram-Ali),,33.5
Daşoguz,12.3,20.9
Mary,12.5,27.8
Serdar,17.4,36.9
Tejen (Tedžen),17.0,52.2
Türkmenabat,14.2,38.4
Türkmenbaşy (Turkmenbashi),15.4,49.7
Gulu,10.2,76.0
Jinja,12.7,17.3
Kampala,11.5,22.9
Kasese,15.4,20.8
Lira,11.6,33.8
Masaka,14.1,17.8
Mbale,,28.9
Mbarara,15.2,18.9
Alčevs'k (Alchevsk),15.4,38.1
Bachmut (Bakhmut),12.7,36.4
Berdjans'k (Berdiansk),14.5,61.1
Berdyčiv (Berdychiv),12.3,38.5
Bila Cerkva (Bila Tserkva),11.5,65.0
Donetsk,14.1,34.9
Kyiv (Kiev),19.1,71.2
Lviv,18.6,77.9
Mykolaiv,21.5,48.0
Odesa,14.1,56.6
Rivne (Rovno),19.3,55.5
Abu Zaby (Abu Dhabi),21.1,37.6
Al-Ain,15.0,41.3
Al-Fujayrah (Fujairah),16.1,82.3
Dubayy (Dubai),12.9,40.6
Rā's al-Khaymah (Ras al-Khaimah),16.4,66.1
Basingstoke,22.2,97.3
Burton upon Trent,17.1,80.7
Cambridge,17.9,96.6
Cardiff,18.9,86.2
Carlisle,21.9,99.1
Derby,17.8,78.6
Dundee,21.5,94.8
Hastings,16.7,86.1
Leicester,17.4,75.1
London,23.9,87.1
Manchester,22.2,81.6
Norwich,17.4,90.5
Oxford,19.3,94.0
Preston,16.5,77.3
Scarborough,20.3,95.2
Sheffield,17.1,58.2
Stoke-on-Trent (The Potteries),26.3,89.4
Arusha,12.6,16.7
Dodoma,11.6,14.7
Akron,12.4,43.3
Amarillo,20.9,48.3
Anchorage,22.0,71.9
Atlanta,13.8,21.2
Boston,19.8,68.2
Charlotte,14.5,15.9
Chicago,17.2,47.8
Cleveland,20.0,29.8
"Clovis,CA",19.4,31.3
"Columbia, South Carolina",4.8,10.6
Dallas,20.4,41.9
Detroit,20.6,43.0
Durham,17.6,37.5
Fayetteville,11.1,10.8
Fayetteville - Springdale - Rogers,15.0,26.2
"Gainesville,FL",16.9,43.1
Greensboro,13.4,2.5
Hartford,14.8,41.6
Honolulu,16.4,63.4
Houston,15.2,27.0
"Jackson, Mississippi",13.3,21.6
"Jacksonville, Florida",18.2,34.4
"Killeen,TX",18.1,19.4
Knoxville,13.5,22.5
Lincoln,16.3,52.7
"Manchester,NH",22.4,48.3
McAllen,17.8,26.5
Memphis,19.5,29.4
"Minneapolis,MN",18.0,54.8
Mobile,12.9,28.6
Modesto,20.7,41.4
Montgomery,16.5,25.7
Nashville-Davidson,14.7,21.1
New Orleans,22.9,51.3
New York,19.5,71.0
Philadelphia,22.1,37.3
Portland,16.1,57.4
Providence,24.5,56.2
Raleigh,23.7,25.4
Roanoke,16.3,32.6
Salinas,17.6,65.2
Salt Lake City,26.2,51.9
San Diego,15.8,35.2
San Jose,,59.0
Santa Rosa,16.1,57.7
Savannah,17.7,47.1
Seattle,23.5,63.5
Sioux Falls,23.9,34.2
"Springfield, Massachusett, Connecticut",18.9,36.8
St. Louis,17.7,34.4
"Tallahassee,FL",18.0,35.5
Temecula-Murrieta,18.6,63.0
Toledo,18.1,27.5
Virginia Beach,18.0,40.3
Visalia,16.6,65.5
"Waco,TX",21.0,48.4
"Washington, D.C.",11.6,52.8
Wilmington,14.3,20.3
Winston-Salem,22.8,40.0
Ciudad De La Costa,25.5,92.2
Las Piedras,12.0,49.8
Maldonado,20.2,81.2
Melo,16.4,69.2
Mercedes,16.6,71.2
Montevideo,15.6,82.7
Paysandú,16.0,70.4
Rivera,16.4,58.9
Salto,16.9,68.0
Tacuarembó,13.7,69.8
Andizhan,13.0,27.2
Angren,8.5,14.6
Bekobod,17.0,62.7
Besharyk (Beshariq),,60.2
Buxoro (Bukhara),12.4,38.9
Denau (Denov),,14.6
Farg'ona (Fergana),10.0,24.7
Jizzax (Dzhizak),13.1,27.8
Namangan,9.0,16.5
Navoiy (Navoi),9.8,12.2
Nukus,16.5,54.1
Qarshi (Karshi),13.7,28.8
Qo'qon (Kokand),,24.6
Samarkand,12.2,25.3
Shahrisabz (Shakhrisabz),6.4,17.3
Tashkent,15.4,26.3
Termiz (Termez),12.4,30.9
To'rtko'l (Turtkul),13.7,23.1
Urganch (Urgench),16.5,24.9
Acarigua-Aruare,17.3,56.7
Altagracia de Orituco,13.4,46.7
Barcelona,18.9,59.2
Barinas,20.9,43.6
Barquisimeto,22.7,57.8
Cabimas,22.2,86.0
Cabudare,18.8,79.5
Caracas,18.5,38.1
Ciudad Bolivar,14.7,62.2
Ciudad Guayana,8.7,56.3
Ciudad Ojeda,18.9,15.6
Coro (Santa Ana de Coro),17.6,78.6
Cúa,15.4,39.6
Cumana,15.6,59.2
Guarenas-Guatire,13.2,40.4
Los Teques,11.9,36.3
Maracaibo,16.3,35.5
Maracay,19.9,39.7
Mariara,16.1,56.5
Rubio,15.3,35.1
San Carlos del Zulia,18.2,53.3
San Cristóbal,16.6,57.5
San Fernando de Apure,14.7,13.9
San Juan de los Morros,16.3,41.4
Tucupita,17.8,74.3
Valencia,18.2,29.1
Valera,17.7,48.0
Yaritagua,20.8,76.3
Đà Lạt,11.8,21.8
Da Nang,15.4,49.5
Hai Phòng,9.6,28.5
Hue,16.1,53.2
Long Xuyen,8.8,30.2
Nha Trang,13.6,40.1
Phan Thiết,12.8,47.3
Thành Pho Ho Chí Minh (Ho Chi Minh City),14.6,30.4
Vinh,20.3,24.4
Vĩnh Long,12.3,6.7
Vungtau,12.5,27.3
,,41.1
,,44.2
Adan (Aden),12.1,51.7
Al-Hudaydah,16.4,39.4
'Amrān,13.6,27.7
Dhamar,8.8,36.2
Radā',12.0,26.5
Sana'a',15.9,12.4
Ta'izz,12.6,9.0
Tarīm,16.5,26.3
Yarīm,11.0,13.8
Chingola,11.6,1.9
Kitwe,12.0,13.1
Lusaka,13.7,8.3
Ndola,12.2,8.0
Beitbridge,13.6,14.1
Bindura,9.3,4.3
Bulawayo,12.9,21.8
Chegutu,9.3,18.5
Chinhoyi,10.9,14.5
Gweru (Gwelo),10.4,33.3
Kwekwe (Que Que),9.6,18.1
Masvingo,11.5,23.3
Mutare,10.2,18.6
